{  "simulationRunCount": 1,  "noOfAgents": 100,  "noOfIterations": 2500000,  "noOfNamesRange": [1, 3],  "noOfItemsRange": [0, 2],  "noOfLocationsRange": [0, 2],  "probAdjustValue": 0.1,  "nameOfOutputFile": "100-agents-dict-prob-0.5",  "retryCommunicationCount": 2,  "verb-list": ["Move", "Give", "Take", "Touch", "Drop", "Lift", "Put", "Bring"],  "writeDictionaryStates": 1,  "rollingWidowSuccess": 100,  "reconstitutePopulation": 0,  "iterationsInOneYear": 30,  "ageSpecificMortalityRate": [0.027988426, 0.009404473, 0.003808057, 0.002916609, 0.003993823, 0.005628727, 0.006378065,    0.007911317, 0.010645313, 0.014286581, 0.019070064, 0.028519065, 0.042765034, 0.064096045,    0.093367873, 0.140505082, 0.211233149, 0.327558025, 1],  "ageRange": [1, 5, 10, 15, 20, 25, 30, 35, 40, 45, 50, 55, 60, 65, 70, 75, 80, 85, 100],  "numberOfPopulationClusters": 2,  "probOfIntergroupCommunication": 0,  "probOfIntergroupCommunicationAfterConvergence": 0.5}